{
  "impl": "mst_dpmm",
  "epsilon": 0.3,
  "seed": 1,
  "n_synth": 5000,
  "elapsed_fit": 299.7456204359187,
  "elapsed_sample": 0.05990789900533855,
  "peak_mem_mb": 2.8623056411743164,
  "status": "ok"
}